{
  "Data": {
    "Transaction": [
      {
        "AccountId": "1234567",
        "TransactionId": "123",
        "TransactionReference": "Ref 1",
        "Amount": {
          "Amount": "800.00",
          "Currency": "INR"
        },
        "CreditDebitIndicator": "Credit",
        "Status": "Booked",
        "BookingDateTime": "2017-04-05T10:43:07+00:00",
        "ValueDateTime": "2017-04-05T10:45:22+00:00",
        "TransactionInformation": "Cash from Aubrey",
        "BankTransactionCode": {
          "Code": "ReceivedCreditTransfer",
          "SubCode": "DomesticCreditTransfer"
        },
        "ProprietaryBankTransactionCode": {
          "Code": "Transfer",
          "Issuer": "AlphaBank"
        },
        "Balance": {
          "Amount": {
            "Amount": "230.00",
            "Currency": "GBP"
          },
          "CreditDebitIndicator": "Credit",
          "Type": "InterimBooked"
        }
      }
    ]
  },
  "Links": {
    "Self": "https://api.alphabank.com/open-banking/v3.1/aisp/accounts/22289/transactions/"
  },
  "Meta": {
    "TotalPages": 1,
	"FirstAvailableDateTime": "2017-05-03T00:00:00+00:00",
	"LastAvailableDateTime": "2017-12-03T00:00:00+00:00"
  }
}